INSERT INTO store (store_id,call_number,address,address_map,detail_comment,simple_comment,is_assigned,is_booked,is_kids,store_name)
values ( 1, '02-4345-2234','성동구 왕십리','서울 성동구 왕십리동 왕십리로 363','왕십리에서 제일 많이 방문하는 치킨집입니다.','왕십리 유명 치킨집!',1,0,1,'푸라닭 치킨'),
       ( 2, '02-5253-8568','성동구 왕십리','서울 성동구 왕십리동 왕십리로 363','왕십리에서 제일 많이 방문하는 치킨집입니다.','왕십리 유명 치킨집!',1,0,1,'맘스터치'),
       ( 3, '02-2665-3253','성동구 왕십리','서울 성동구 왕십리동 왕십리로 363','왕십리에서 제일 많이 방문하는 치킨집입니다.','왕십리 유명 치킨집!',1,0,1,'60계 치킨'),
       ( 4, '02-2822-3793','성동구 왕십리','서울 성동구 왕십리동 왕십리로 363','왕십리에서 제일 많이 방문하는 치킨집입니다.','왕십리 유명 치킨집!',1,0,1,'지코바'),
       ( 5, '02-4345-2234','성동구 왕십리','서울 성동구 왕십리동 왕십리로 363','왕십리에서 제일 많이 방문하는 치킨집입니다.','왕십리 유명 치킨집!',1,0,1,'맥도날드'),
       ( 6, '02-4345-2234','성동구 왕십리','서울 성동구 왕십리동 왕십리로 363','왕십리에서 제일 많이 방문하는 치킨집입니다.','왕십리 유명 치킨집!',1,0,0,'버거킹'),
       ( 7, '02-4345-2234','성동구 왕십리','서울 성동구 왕십리동 왕십리로 363','왕십리에서 제일 많이 방문하는 치킨집입니다.','왕십리 유명 치킨집!',1,0,0,'푸라닭 치킨'),
       ( 8, '02-4345-2234','성동구 왕십리','서울 성동구 왕십리동 왕십리로 363','왕십리에서 제일 많이 방문하는 치킨집입니다.','왕십리 유명 치킨집!',1,0,1,'푸라닭 치킨'),
       ( 9, '02-4345-2234','성동구 왕십리','서울 성동구 왕십리동 왕십리로 363','왕십리에서 제일 많이 방문하는 치킨집입니다.','왕십리 유명 치킨집!',1,0,0,'푸라닭 치킨'),
       ( 10, '02-4345-2234','성동구 왕십리','서울 성동구 왕십리동 왕십리로 363','왕십리에서 제일 많이 방문하는 치킨집입니다.','왕십리 유명 치킨집!',1,0,1,'푸라닭 치킨'),
       ( 11, '02-4345-2234','성동구 왕십리','서울 성동구 왕십리동 왕십리로 363','왕십리에서 제일 많이 방문하는 치킨집입니다.','왕십리 유명 치킨집!',1,0,1,'교촌 치킨'),
       ( 12, '02-4345-2234','성동구 왕십리','서울 성동구 왕십리동 왕십리로 363','왕십리에서 제일 많이 방문하는 치킨집입니다.','왕십리 유명 치킨집!',1,0,0,'푸라닭 치킨'),
       ( 13, '02-4345-2234','성동구 왕십리','서울 성동구 왕십리동 왕십리로 363','왕십리에서 제일 많이 방문하는 치킨집입니다.','왕십리 유명 치킨집!',1,0,0,'푸라닭 치킨'),
       ( 14, '02-4345-2234','성동구 왕십리','서울 성동구 왕십리동 왕십리로 363','왕십리에서 제일 많이 방문하는 치킨집입니다.','왕십리 유명 치킨집!',1,0,1,'푸라닭 치킨'),
       ( 15, '02-4345-2234','성동구 왕십리','서울 성동구 왕십리동 왕십리로 363','왕십리에서 제일 많이 방문하는 치킨집입니다.','왕십리 유명 치킨집!',1,0,1,'푸라닭 치킨'),
       ( 16, '02-4345-2234','성동구 왕십리','서울 성동구 왕십리동 왕십리로 363','왕십리에서 제일 많이 방문하는 치킨집입니다.','왕십리 유명 치킨집!',1,0,0,'푸라닭 치킨'),
       ( 17, '02-4345-2234','성동구 왕십리','서울 성동구 왕십리동 왕십리로 363','왕십리에서 제일 많이 방문하는 치킨집입니다.','왕십리 유명 치킨집!',1,0,1,'푸라닭 치킨'),
       ( 18, '02-4345-2234','성동구 왕십리','서울 성동구 왕십리동 왕십리로 363','왕십리에서 제일 많이 방문하는 치킨집입니다.','왕십리 유명 치킨집!',1,0,0,'푸라닭 치킨'),
       ( 19, '02-4345-2234','성동구 왕십리','서울 성동구 왕십리동 왕십리로 363','왕십리에서 제일 많이 방문하는 치킨집입니다.','왕십리 유명 치킨집!',1,0,1,'푸라닭 치킨'),
       ( 20, '02-4345-2234','성동구 왕십리','서울 성동구 왕십리동 왕십리로 363','왕십리에서 제일 많이 방문하는 치킨집입니다.','왕십리 유명 치킨집!',1,0,1,'푸라닭 치킨');

INSERT INTO opentime (store_id,time) values ( 1,"월~금 10:00~2:00");
INSERT INTO opentime (store_id,time) values ( 1,"토 12:00~2:00");
INSERT INTO opentime (store_id,time) values ( 1,"일 13:00~2:00");
INSERT INTO opentime (store_id,time) values ( 2,"월~금 10:00~2:00");
INSERT INTO opentime (store_id,time) values ( 2,"토 12:00~2:00");
INSERT INTO opentime (store_id,time) values ( 2,"일 13:00~2:00");
INSERT INTO opentime (store_id,time) values ( 3,"월~금 10:00~2:00");
INSERT INTO opentime (store_id,time) values ( 3,"토 12:00~2:00");
INSERT INTO opentime (store_id,time) values ( 3,"일 13:00~2:00");
INSERT INTO opentime (store_id,time) values ( 4,"월~금 10:00~2:00");
INSERT INTO opentime (store_id,time) values ( 4,"토 12:00~2:00");
INSERT INTO opentime (store_id,time) values ( 4,"일 13:00~2:00");
INSERT INTO opentime (store_id,time) values ( 5,"월~금 10:00~2:00");
INSERT INTO opentime (store_id,time) values ( 5,"토 12:00~2:00");
INSERT INTO opentime (store_id,time) values ( 5,"일 13:00~2:00");
INSERT INTO opentime (store_id,time) values ( 6,"월~금 10:00~2:00");
INSERT INTO opentime (store_id,time) values ( 6,"토 12:00~2:00");
INSERT INTO opentime (store_id,time) values ( 6,"일 13:00~2:00");
INSERT INTO opentime (store_id,time) values ( 7,"월~금 10:00~2:00");
INSERT INTO opentime (store_id,time) values ( 7,"토 12:00~2:00");
INSERT INTO opentime (store_id,time) values ( 7,"일 13:00~2:00");
INSERT INTO opentime (store_id,time) values ( 8,"월~금 10:00~2:00");
INSERT INTO opentime (store_id,time) values ( 8,"토 12:00~2:00");
INSERT INTO opentime (store_id,time) values ( 8,"일 13:00~2:00");
INSERT INTO opentime (store_id,time) values ( 9,"월~금 10:00~2:00");
INSERT INTO opentime (store_id,time) values ( 9,"토 12:00~2:00");
INSERT INTO opentime (store_id,time) values ( 9,"일 13:00~2:00");
INSERT INTO opentime (store_id,time) values ( 10,"월~금 10:00~2:00");
INSERT INTO opentime (store_id,time) values ( 10,"토 12:00~2:00");
INSERT INTO opentime (store_id,time) values ( 10,"일 13:00~2:00");
INSERT INTO opentime (store_id,time) values ( 11,"월~금 10:00~2:00");
INSERT INTO opentime (store_id,time) values ( 11,"토 12:00~2:00");
INSERT INTO opentime (store_id,time) values ( 11,"일 13:00~2:00");
INSERT INTO opentime (store_id,time) values ( 12,"월~금 10:00~2:00");
INSERT INTO opentime (store_id,time) values ( 12,"토 12:00~2:00");
INSERT INTO opentime (store_id,time) values ( 12,"일 13:00~2:00");
INSERT INTO opentime (store_id,time) values ( 13,"월~금 10:00~2:00");
INSERT INTO opentime (store_id,time) values ( 13,"토 12:00~2:00");
INSERT INTO opentime (store_id,time) values ( 13,"일 13:00~2:00");
INSERT INTO opentime (store_id,time) values ( 14,"월~금 10:00~2:00");
INSERT INTO opentime (store_id,time) values ( 14,"토 12:00~2:00");
INSERT INTO opentime (store_id,time) values ( 14,"일 13:00~2:00");
INSERT INTO opentime (store_id,time) values ( 15,"월~금 10:00~2:00");
INSERT INTO opentime (store_id,time) values ( 15,"토 12:00~2:00");
INSERT INTO opentime (store_id,time) values ( 15,"일 13:00~2:00");
INSERT INTO opentime (store_id,time) values ( 16,"월~금 10:00~2:00");
INSERT INTO opentime (store_id,time) values ( 16,"토 12:00~2:00");
INSERT INTO opentime (store_id,time) values ( 16,"일 13:00~2:00");
INSERT INTO opentime (store_id,time) values ( 17,"월~금 10:00~2:00");
INSERT INTO opentime (store_id,time) values ( 17,"토 12:00~2:00");
INSERT INTO opentime (store_id,time) values ( 17,"일 13:00~2:00");
INSERT INTO opentime (store_id,time) values ( 18,"월~금 10:00~2:00");
INSERT INTO opentime (store_id,time) values ( 18,"토 12:00~2:00");
INSERT INTO opentime (store_id,time) values ( 18,"일 13:00~2:00");
INSERT INTO opentime (store_id,time) values ( 19,"월~금 10:00~2:00");
INSERT INTO opentime (store_id,time) values ( 19,"토 12:00~2:00");
INSERT INTO opentime (store_id,time) values ( 19,"일 13:00~2:00");
INSERT INTO opentime (store_id,time) values ( 20,"월~금 10:00~2:00");
INSERT INTO opentime (store_id,time) values ( 20,"토 12:00~2:00");
INSERT INTO opentime (store_id,time) values ( 20,"일 13:00~2:00");

INSERT INTO tag (tag_id,name) values ( 1,"치킨" ),
                                     (2,"왕십리");
INSERT INTO tag_store (id,store_id,tag_id) values ( 1,1,1 ),(2,1,2),
                                                  ( 3,2,1 ),(4,2,2),
                                                  ( 5,3,1 ),(6,3,2),
                                                  ( 7,4,1 ),(8,4,2),
                                                  ( 9,5,1 ),(10,5,2),
                                                  ( 11,6,1 ),(12,6,2),
                                                  ( 13,7,1 ),(14,7,2),
                                                  ( 15,8,1 ),(16,8,2),
                                                  ( 17,9,1 ),(18,9,2),
                                                  ( 19,10,1 ),(20,10,2),
                                                  ( 21,11,1 ),(22,11,2),
                                                  ( 23,12,1 ),(24,12,2),
                                                  ( 25,13,1 ),(26,13,2),
                                                  ( 27,14,1 ),(28,14,2),
                                                  ( 29,15,1 ),(30,15,2),
                                                  ( 31,16,1 ),(32,16,2),
                                                  ( 33,17,1 ),(34,17,2),
                                                  ( 35,18,1 ),(36,18,2),
                                                  ( 37,19,1 ),(38,19,2),
                                                  ( 39,20,1 ),(40,20,2);



INSERT INTO category (category_id,category_name)
values ( 1,'카페' ),
       ( 2,'한식' ),
       ( 3,'일식' ),
       ( 4,'중식' ),
       ( 5,'양식' ),
       ( 6,'아시안' ),
       ( 7,'비건' ),
       ( 8,'주점' );

INSERT INTO convenience (convenience_id,convenience_name)
values ( 1,'와이파이' ),
       ( 2,'단체석' ),
       ( 3,'애견동반' ),
       ( 4,'화장실' ),
       ( 5,'주차가능' ),
       ( 6,'발렛가능' ),
       ( 7,'아기의자' ),
       ( 8,'야외좌석' ),
       ( 9,'키즈메뉴' ),
       ( 10,'기저귀갈이' ),
       ( 11,'콘센트' ),
       ( 12,'포장가능' );

INSERT INTO store_category (store_id,category_ids)
values ( 1,1 ),
       ( 2,2 ),
       ( 3,3 ),
       ( 4,4 ),
       ( 5,5 ),
       ( 6,6 ),
       ( 7,7 ),
       ( 8,8 ),
       ( 9,1 ),
       ( 10,2 ),
       ( 11,3 ),
       ( 12,4 ),
       ( 13,5 ),
       ( 14,6 ),
       ( 15,7 ),
       ( 16,8 ),
       ( 17,1 ),
       ( 18,2 ),
       ( 19,3 ),
       ( 20,4 );

INSERT INTO store_convenience (store_id,convenience_ids)
values ( 1,1 ),
       ( 2,2 ),
       ( 3,3 ),
       ( 4,4 ),
       ( 5,5 ),
       ( 6,6 ),
       ( 7,7 ),
       ( 8,8 ),
       ( 9,1 ),
       ( 10,2 ),
       ( 11,3 ),
       ( 12,4 ),
       ( 13,5 ),
       ( 14,6 ),
       ( 15,7 ),
       ( 16,8 ),
       ( 17,1 ),
       ( 18,2 ),
       ( 19,3 ),
       ( 20,4 );

insert into menu (menu_id,menu_category,store_id)
values ( 1,"음료",1 ),
       ( 2,"음료",2 ),
       ( 3,"음료",3 ),
       ( 4,"음료",4 ),
       ( 5,"음료",5 ),
       ( 6,"음료",6 ),
       ( 7,"음료",7 ),
       ( 8,"음료",8 ),
       ( 9,"음료",9 ),
       ( 10,"음료",10 ),
       ( 11,"음료",11 ),
       ( 12,"음료",12 ),
       ( 13,"음료",13 ),
       ( 14,"음료",14 ),
       ( 15,"음료",15 ),
       ( 16,"음료",16 ),
       ( 17,"음료",17 ),
       ( 18,"음료",18 ),
       ( 19,"음료",19 ),
       ( 20,"음료",20 ),
       ( 21,"식사류",1 ),
       ( 22,"식사류",2 ),
       ( 23,"식사류",3 ),
       ( 24,"식사류",4 ),
       ( 25,"식사류",5 ),
       ( 26,"식사류",6 ),
       ( 27,"식사류",7 ),
       ( 28,"식사류",8 ),
       ( 29,"식사류",9 ),
       ( 30,"식사류",10 ),
       ( 31,"식사류",11 ),
       ( 32,"식사류",12 ),
       ( 33,"식사류",13 ),
       ( 34,"식사류",14 ),
       ( 35,"식사류",15 ),
       ( 36,"식사류",16 ),
       ( 37,"식사류",17 ),
       ( 38,"식사류",18 ),
       ( 39,"식사류",19 ),
       ( 40,"식사류",20 );

insert into menu_option (menu_option_id,menu_detail,menu_id)
values ( 1,"콜라",1 ),
       ( 2,"콜라",2 ),
       ( 3,"콜라",3 ),
       ( 4,"콜라",4 ),
       ( 5,"콜라",5 ),
       ( 6,"사이다",6 ),
       ( 7,"사이다",7 ),
       ( 8,"사이다",8 ),
       ( 9,"사이다",9 ),
       ( 10,"제로콜라",10 ),
       ( 11,"제로콜라",11 ),
       ( 12,"제로콜라",12 ),
       ( 13,"커피",13 ),
       ( 14,"커피",14 ),
       ( 15,"커피",15 ),
       ( 16,"커피",16 ),
       ( 17,"스프라이트",17 ),
       ( 18,"스프라이트",18 ),
       ( 19,"티",19 ),
       ( 20,"티",20 ),
       ( 21,"제육볶음",21 ),
       ( 22,"제육볶음",22 ),
       ( 23,"제육볶음",23 ),
       ( 24,"제육볶음",24 ),
       ( 25,"제육볶음",25 ),
       ( 26,"햄버거",26 ),
       ( 27,"햄버거",27 ),
       ( 28,"햄버거",28 ),
       ( 29,"햄버거",29 ),
       ( 30,"족발",30 ),
       ( 31,"족발",31 ),
       ( 32,"족발",32 ),
       ( 33,"족발",33 ),
       ( 34,"족발",34 ),
       ( 35,"보쌈",35 ),
       ( 36,"보쌈",36 ),
       ( 37,"보쌈",37 ),
       ( 38,"보쌈",38 ),
       ( 39,"보쌈",39 ),
       ( 40,"보쌈",40 );

insert into store_image (store_image_id,image_path,store_id)
values ( 1,'https://kiyoimage.s3.ap-northeast-2.amazonaws.com/181b7593-e5b2-4acd-89e6-768422437f68.jpeg',1 ),
       ( 2,'https://kiyoimage.s3.ap-northeast-2.amazonaws.com/181b7593-e5b2-4acd-89e6-768422437f68.jpeg',2 ),
       ( 3,'https://kiyoimage.s3.ap-northeast-2.amazonaws.com/181b7593-e5b2-4acd-89e6-768422437f68.jpeg',3 ),
       ( 4,'https://kiyoimage.s3.ap-northeast-2.amazonaws.com/181b7593-e5b2-4acd-89e6-768422437f68.jpeg',4 ),
       ( 5,'https://kiyoimage.s3.ap-northeast-2.amazonaws.com/181b7593-e5b2-4acd-89e6-768422437f68.jpeg',5 ),
       ( 6,'https://kiyoimage.s3.ap-northeast-2.amazonaws.com/181b7593-e5b2-4acd-89e6-768422437f68.jpeg',6 ),
       ( 7,'https://kiyoimage.s3.ap-northeast-2.amazonaws.com/181b7593-e5b2-4acd-89e6-768422437f68.jpeg',7 ),
       ( 8,'https://kiyoimage.s3.ap-northeast-2.amazonaws.com/181b7593-e5b2-4acd-89e6-768422437f68.jpeg',8 ),
       ( 9,'https://kiyoimage.s3.ap-northeast-2.amazonaws.com/181b7593-e5b2-4acd-89e6-768422437f68.jpeg',9 ),
       ( 10,'https://kiyoimage.s3.ap-northeast-2.amazonaws.com/181b7593-e5b2-4acd-89e6-768422437f68.jpeg',10 ),
       ( 11,'https://kiyoimage.s3.ap-northeast-2.amazonaws.com/181b7593-e5b2-4acd-89e6-768422437f68.jpeg',11 ),
       ( 12,'https://kiyoimage.s3.ap-northeast-2.amazonaws.com/181b7593-e5b2-4acd-89e6-768422437f68.jpeg',12 ),
       ( 13,'https://kiyoimage.s3.ap-northeast-2.amazonaws.com/181b7593-e5b2-4acd-89e6-768422437f68.jpeg',13 ),
       ( 14,'https://kiyoimage.s3.ap-northeast-2.amazonaws.com/181b7593-e5b2-4acd-89e6-768422437f68.jpeg',14 ),
       ( 15,'https://kiyoimage.s3.ap-northeast-2.amazonaws.com/181b7593-e5b2-4acd-89e6-768422437f68.jpeg',15 ),
       ( 16,'https://kiyoimage.s3.ap-northeast-2.amazonaws.com/181b7593-e5b2-4acd-89e6-768422437f68.jpeg',16 ),
       ( 17,'https://kiyoimage.s3.ap-northeast-2.amazonaws.com/181b7593-e5b2-4acd-89e6-768422437f68.jpeg',17 ),
       ( 18,'https://kiyoimage.s3.ap-northeast-2.amazonaws.com/181b7593-e5b2-4acd-89e6-768422437f68.jpeg',18 ),
       ( 19,'https://kiyoimage.s3.ap-northeast-2.amazonaws.com/181b7593-e5b2-4acd-89e6-768422437f68.jpeg',19 ),
       ( 20,'https://kiyoimage.s3.ap-northeast-2.amazonaws.com/181b7593-e5b2-4acd-89e6-768422437f68.jpeg',20 );


insert into review (review_id,content,score,user_seq,store_id)
values ( 1,"맛있어요","HIGH",1,1 ),
       ( 2,"맛없어요","LOW",1,1 ),
       ( 3,"음","LOW",1,1);

-- INSERT INTO review_image (review_image_id,image_path,review_id)
-- values ( 1,"www.s3.host",1 ),
--        (2,"www.s3.host",1);

insert into bookmark_table (id,store_id,user_seq)
values ( 1,20,1 ),
       ( 2,19,1),
       ( 3,18,1),
       (4,1,1);

